,Frequency_mean,Usefulness_mean,Ethics_mean,Evaluation_mean
Frequency_mean,1.0,0.5974072915408435,0.21523807718334956,0.6373894829669278
Usefulness_mean,0.5974072915408435,1.0,0.12018808695099606,0.7448233848758676
Ethics_mean,0.21523807718334956,0.12018808695099606,1.0,0.40500216079734885
Evaluation_mean,0.6373894829669278,0.7448233848758676,0.40500216079734885,1.0
