,Frequency_mean,Usefulness_mean,Ethics_mean,Evaluation_mean
Frequency_mean,1.0,0.5597613198748976,0.21784969630330459,0.6357302102011579
Usefulness_mean,0.5597613198748976,1.0,0.21636868253570624,0.6576380362425193
Ethics_mean,0.21784969630330459,0.21636868253570624,1.0,0.49212080301889544
Evaluation_mean,0.6357302102011579,0.6576380362425193,0.49212080301889544,1.0
